﻿<?xml version="1.0" encoding="utf-8"?>
<publishData>
  <publishProfile publishUrl="E:\Mani\Publish\CRMApp" deleteExistingFiles="False" ftpAnonymousLogin="False" ftpPassiveMode="True" msdeploySite="" msdeploySiteID="" msdeployRemoteSitePhysicalPath="" msdeployAllowUntrustedCertificate="False" msdeploySkipExtraFilesOnServer="True" msdeployMarkAsApp="False" profileName="Profile1" publishMethod="FileSystem" replaceMatchingFiles="True" userName="" savePWD="False" userPWD="" SelectedForPublish="True">
    <file relUrl="app-assets/vendors/js/coming-soon/jquery.countdown.min.js" publishTime="11/03/2018 20:54:33" />
    <file relUrl="app-assets/css/plugins/charts/chartist.min.css" publishTime="11/03/2018 20:54:30" />
    <file relUrl="bin/CRMApplication.pdb" publishTime="11/08/2018 18:39:31" />
    <file relUrl="app-assets/vendors/css/forms/icheck/square/orange.png" publishTime="11/03/2018 20:54:33" />
    <file relUrl="app-assets/vendors/css/forms/icheck/square/aero@2x.png" publishTime="11/03/2018 20:54:33" />
    <file relUrl="app-assets/css/components.min.css" publishTime="11/03/2018 20:54:30" />
    <file relUrl="app-assets/vendors/css/forms/icheck/minimal/grey.png" publishTime="11/03/2018 20:54:32" />
    <file relUrl="app-assets/css/plugins/pickers/daterange/daterange.min.css" publishTime="11/03/2018 20:54:30" />
    <file relUrl="app-assets/fonts/flag-icon-css/css/flag-icon.min.css" publishTime="11/03/2018 20:54:30" />
    <file relUrl="app-assets/vendors/css/forms/icheck/flat/red.png" publishTime="11/03/2018 20:54:32" />
    <file relUrl="html/MyInterview.html" publishTime="11/03/2018 20:54:30" />
    <file relUrl="app-assets/css/pages/users.min.css" publishTime="11/03/2018 20:54:30" />
    <file relUrl="app-assets/css/plugins/forms/tags/tagging.min.css" publishTime="11/03/2018 20:54:30" />
    <file relUrl="app-assets/css/pages/error.min.css" publishTime="11/03/2018 20:54:30" />
    <file relUrl="app-assets/images/elements/04.png" publishTime="11/03/2018 20:54:30" />
    <file relUrl="app-assets/css/pages/timeline.min.css" publishTime="11/03/2018 20:54:30" />
    <file relUrl="app-assets/vendors/js/forms/tags/tagging.min.js" publishTime="11/03/2018 20:54:33" />
    <file relUrl="app-assets/vendors/css/forms/icheck/flat/_all.css" publishTime="11/03/2018 20:54:32" />
    <file relUrl="app-assets/vendors/css/forms/icheck/minimal/purple.png" publishTime="11/03/2018 20:54:32" />
    <file relUrl="app-assets/vendors/css/forms/icheck/square/square@2x.png" publishTime="11/03/2018 20:54:33" />
    <file relUrl="app-assets/js/scripts/tables/datatables/datatable-advanced.min.js" publishTime="11/04/2018 22:22:39" />
    <file relUrl="app-assets/vendors/css/forms/icheck/flat/purple@2x.png" publishTime="11/03/2018 20:54:32" />
    <file relUrl="app-assets/images/carousel/08.jpg" publishTime="11/03/2018 20:54:30" />
    <file relUrl="app-assets/images/icons/img.png" publishTime="11/03/2018 20:54:31" />
    <file relUrl="app-assets/images/portrait/small/avatar-s-7.png" publishTime="11/03/2018 20:54:31" />
    <file relUrl="app-assets/vendors/js/extensions/fullcalendar.min.js" publishTime="11/03/2018 20:54:33" />
    <file relUrl="html/FirstLogin.html" publishTime="11/04/2018 21:27:06" />
    <file relUrl="app-assets/vendors/js/charts/gmaps.min.js" publishTime="11/03/2018 20:54:33" />
    <file relUrl="app-assets/images/gallery/1.jpg" publishTime="11/03/2018 20:54:31" />
    <file relUrl="app-assets/js/scripts/tables/datatables/datatable-api.js" publishTime="11/03/2018 20:54:32" />
    <file relUrl="app-assets/vendors/css/forms/icheck/flat/green.png" publishTime="11/03/2018 20:54:32" />
    <file relUrl="app-assets/images/portrait/small/avatar-s-5.png" publishTime="11/03/2018 20:54:31" />
    <file relUrl="app-assets/vendors/js/tables/pdfmake.min.js" publishTime="11/03/2018 20:54:34" />
    <file relUrl="app-assets/images/portrait/small/avatar-s-25.png" publishTime="11/03/2018 20:54:31" />
    <file relUrl="app-assets/css/plugins/forms/extended/form-extended.min.css" publishTime="11/03/2018 20:54:30" />
    <file relUrl="app-assets/js/scripts/cards/card-advanced.min.js" publishTime="11/03/2018 20:54:31" />
    <file relUrl="app-assets/js/scripts/pages/dashboard-ecommerce.min.js" publishTime="11/03/2018 20:54:32" />
    <file relUrl="app-assets/vendors/css/tables/datatable/dataTables.bootstrap4.min.css" publishTime="11/03/2018 20:54:33" />
    <file relUrl="app-assets/vendors/js/tables/vfs_fonts.js" publishTime="11/03/2018 20:54:34" />
    <file relUrl="app-assets/images/datatables/resources/details_open.png" publishTime="11/03/2018 20:54:30" />
    <file relUrl="app-assets/css/pages/login-register.min.css" publishTime="11/03/2018 20:54:30" />
    <file relUrl="app-assets/vendors/css/forms/icheck/square/orange@2x.png" publishTime="11/03/2018 20:54:33" />
    <file relUrl="app-assets/images/gallery/5.jpg" publishTime="11/03/2018 20:54:31" />
    <file relUrl="app-assets/vendors/js/tables/datatable/datatables.min.js" publishTime="11/03/2018 20:54:34" />
    <file relUrl="app-assets/vendors/css/pickers/daterange/daterangepicker.css" publishTime="11/03/2018 20:54:33" />
    <file relUrl="app-assets/js/scripts/pages/dashboard-analytics.min.js" publishTime="11/03/2018 20:54:32" />
    <file relUrl="app-assets/vendors/css/forms/icheck/flat/purple.png" publishTime="11/03/2018 20:54:32" />
    <file relUrl="app-assets/vendors/css/forms/icheck/square/yellow@2x.png" publishTime="11/03/2018 20:54:33" />
    <file relUrl="app-assets/js/scripts/tables/datatables-extensions/datatables-sources.min.js" publishTime="11/03/2018 20:54:32" />
    <file relUrl="app-assets/js/scripts/navs/navs.min.js" publishTime="11/03/2018 20:54:32" />
    <file relUrl="app-assets/images/slider/slider-5.png" publishTime="11/03/2018 20:54:31" />
    <file relUrl="app-assets/images/portrait/small/avatar-s-6.png" publishTime="11/03/2018 20:54:31" />
    <file relUrl="app-assets/vendors/js/charts/chart.min.js" publishTime="11/03/2018 20:54:33" />
    <file relUrl="app-assets/vendors/css/forms/icheck/minimal/blue@2x.png" publishTime="11/03/2018 20:54:32" />
    <file relUrl="app-assets/vendors/css/forms/icheck/square/red@2x.png" publishTime="11/03/2018 20:54:33" />
    <file relUrl="app-assets/images/carousel/01.jpg" publishTime="11/03/2018 20:54:30" />
    <file relUrl="app-assets/vendors/css/tables/extensions/rowReorder.dataTables.min.css" publishTime="11/03/2018 20:54:33" />
    <file relUrl="app-assets/vendors/css/forms/icheck/custom.css" publishTime="11/03/2018 20:54:32" />
    <file relUrl="app-assets/js/scripts/animation/animation.js" publishTime="11/03/2018 20:54:31" />
    <file relUrl="app-assets/images/portrait/small/avatar-s-19.png" publishTime="11/03/2018 20:54:31" />
    <file relUrl="app-assets/js/scripts/popover/popover.min.js" publishTime="11/03/2018 20:54:32" />
    <file relUrl="app-assets/vendors/css/forms/icheck/flat/flat@2x.png" publishTime="11/03/2018 20:54:32" />
    <file relUrl="app-assets/vendors/js/extensions/jquery.steps.min.js" publishTime="11/03/2018 20:54:33" />
    <file relUrl="app-assets/vendors/css/forms/icheck/minimal/_all.css" publishTime="11/03/2018 20:54:33" />
    <file relUrl="app-assets/vendors/css/forms/icheck/minimal/yellow@2x.png" publishTime="11/03/2018 20:54:33" />
    <file relUrl="app-assets/css/core/colors/palette-switch.min.css" publishTime="11/03/2018 20:54:30" />
    <file relUrl="app-assets/vendors/js/forms/repeater/jquery.repeater.min.js" publishTime="11/03/2018 20:54:33" />
    <file relUrl="app-assets/vendors/js/forms/icheck/icheck.min.js" publishTime="11/03/2018 20:54:33" />
    <file relUrl="app-assets/vendors/js/forms/extended/inputmask/jquery.inputmask.bundle.min.js" publishTime="11/03/2018 20:54:33" />
    <file relUrl="app-assets/vendors/js/ui/prism.min.js" publishTime="11/03/2018 20:54:34" />
    <file relUrl="app-assets/images/carousel/05.jpg" publishTime="11/03/2018 20:54:30" />
    <file relUrl="app-assets/vendors/css/forms/toggle/switchery.min.css" publishTime="11/03/2018 20:54:33" />
    <file relUrl="app-assets/js/scripts/editors/editor-tinymce.min.js" publishTime="11/03/2018 20:54:31" />
    <file relUrl="app-assets/images/portrait/small/avatar-s-9.png" publishTime="11/03/2018 20:54:31" />
    <file relUrl="app-assets/vendors/js/charts/jvector/jquery-jvectormap-us-aea.js" publishTime="11/03/2018 20:54:33" />
    <file relUrl="app-assets/vendors/css/forms/icheck/minimal/aero@2x.png" publishTime="11/03/2018 20:54:32" />
    <file relUrl="app-assets/vendors/css/forms/icheck/square/pink.png" publishTime="11/03/2018 20:54:33" />
    <file relUrl="app-assets/vendors/js/gallery/masonry/masonry.pkgd.min.js" publishTime="11/03/2018 20:54:33" />
    <file relUrl="app-assets/css/plugins/calendars/fullcalendar.min.css" publishTime="11/03/2018 20:54:30" />
    <file relUrl="app-assets/js/scripts/extensions/block-ui.js" publishTime="11/03/2018 20:54:31" />
    <file relUrl="app-assets/vendors/js/tables/jquery.dataTables.min.js" publishTime="11/03/2018 20:54:34" />
    <file relUrl="app-assets/fonts/line-awesome/css/line-awesome.min.css" publishTime="11/03/2018 20:54:30" />
    <file relUrl="app-assets/vendors/css/img/tour/cross.html" publishTime="11/03/2018 20:54:33" />
    <file relUrl="app-assets/vendors/js/ui/jquery.sticky.js" publishTime="11/03/2018 20:54:34" />
    <file relUrl="app-assets/vendors/js/tables/datatable/dataTables.bootstrap4.min.js" publishTime="11/03/2018 20:54:34" />
    <file relUrl="html/dashboard.html" publishTime="11/04/2018 21:30:26" />
    <file relUrl="app-assets/vendors/css/extensions/hopscotch.css" publishTime="11/03/2018 20:54:32" />
    <file relUrl="app-assets/vendors/css/forms/icheck/square/blue@2x.png" publishTime="11/03/2018 20:54:33" />
    <file relUrl="app-assets/images/backgrounds/02.jpg" publishTime="11/03/2018 20:54:30" />
    <file relUrl="app-assets/vendors/css/forms/icheck/square/red.png" publishTime="11/03/2018 20:54:33" />
    <file relUrl="app-assets/js/scripts/coming-soon/coming-soon.js" publishTime="11/03/2018 20:54:31" />
    <file relUrl="app-assets/js/scripts/pages/chat-application.js" publishTime="11/03/2018 20:54:32" />
    <file relUrl="app-assets/vendors/css/forms/icheck/minimal/yellow.png" publishTime="11/03/2018 20:54:33" />
    <file relUrl="app-assets/js/scripts/charts/chartjs/polar-radar/polar.min.js" publishTime="11/03/2018 20:54:31" />
    <file relUrl="app-assets/vendors/js/tables/buttons.flash.min.js" publishTime="11/03/2018 20:54:34" />
    <file relUrl="app-assets/images/portrait/small/avatar-s-11.png" publishTime="11/03/2018 20:54:31" />
    <file relUrl="app-assets/js/scripts/forms/extended/form-card.min.js" publishTime="11/03/2018 20:54:31" />
    <file relUrl="app-assets/vendors/js/editors/ckeditor/ckeditor.js" publishTime="11/03/2018 20:54:33" />
    <file relUrl="app-assets/vendors/css/pickers/pickadate/default.date.css" publishTime="11/03/2018 20:54:33" />
    <file relUrl="app-assets/images/slider/slider-2.png" publishTime="11/03/2018 20:54:31" />
    <file relUrl="app-assets/vendors/js/animation/jquery.appear.js" publishTime="11/03/2018 20:54:33" />
    <file relUrl="app-assets/images/portrait/small/avatar-s-15.jpg" publishTime="11/03/2018 20:54:31" />
    <file relUrl="app-assets/images/carousel/09.jpg" publishTime="11/03/2018 20:54:30" />
    <file relUrl="app-assets/js/scripts/charts/gmaps/maps.min.js" publishTime="11/03/2018 20:54:31" />
    <file relUrl="app-assets/vendors/js/pickers/daterange/daterangepicker.js" publishTime="11/03/2018 20:54:33" />
    <file relUrl="app-assets/vendors/css/forms/icheck/minimal/blue.png" publishTime="11/03/2018 20:54:32" />
    <file relUrl="app-assets/js/scripts/pages/users-contacts.min.js" publishTime="11/03/2018 20:54:32" />
    <file relUrl="app-assets/css/plugins/forms/wizard.min.css" publishTime="11/03/2018 20:54:30" />
    <file relUrl="app-assets/images/portrait/small/avatar-s-12.png" publishTime="11/03/2018 20:54:31" />
    <file relUrl="app-assets/vendors/js/extensions/jquery.raty.js" publishTime="11/03/2018 20:54:33" />
    <file relUrl="app-assets/vendors/js/forms/validation/jqBootstrapValidation.js" publishTime="11/03/2018 20:54:33" />
    <file relUrl="app-assets/js/scripts/charts/chartist/bar/stacked-bar.min.js" publishTime="11/03/2018 20:54:31" />
    <file relUrl="app-assets/vendors/js/tables/datatable/dataTables.rowReorder.min.js" publishTime="11/03/2018 20:54:34" />
    <file relUrl="app-assets/images/portrait/small/avatar-s-4.png" publishTime="11/03/2018 20:54:31" />
    <file relUrl="app-assets/images/gallery/16.jpg" publishTime="11/03/2018 20:54:31" />
    <file relUrl="app-assets/js/scripts/tables/datatables/datatable-styling.min.js" publishTime="11/03/2018 20:54:32" />
    <file relUrl="app-assets/images/carousel/02.jpg" publishTime="11/03/2018 20:54:30" />
    <file relUrl="app-assets/images/portrait/small/avatar-s-10.png" publishTime="11/03/2018 20:54:31" />
    <file relUrl="app-assets/vendors/js/extensions/moment.min.js" publishTime="11/03/2018 20:54:33" />
    <file relUrl="app-assets/vendors/js/charts/chartist.min.js" publishTime="11/03/2018 20:54:33" />
    <file relUrl="app-assets/css/plugins/animate/animate.min.css" publishTime="11/03/2018 20:54:30" />
    <file relUrl="app-assets/vendors/js/pickers/pickadate/picker.date.js" publishTime="11/03/2018 20:54:33" />
    <file relUrl="app-assets/css/pages/invoice.min.css" publishTime="11/03/2018 20:54:30" />
    <file relUrl="app-assets/vendors/css/forms/icheck/minimal/grey@2x.png" publishTime="11/03/2018 20:54:32" />
    <file relUrl="app-assets/css/plugins/extensions/toastr.min.css" publishTime="11/03/2018 20:54:30" />
    <file relUrl="app-assets/js/core/libraries/jquery_ui/jquery-ui.min.js" publishTime="11/03/2018 20:54:31" />
    <file relUrl="app-assets/vendors/css/forms/icheck/square/square.png" publishTime="11/03/2018 20:54:33" />
    <file relUrl="app-assets/css/plugins/file-uploaders/dropzone.min.css" publishTime="11/03/2018 20:54:30" />
    <file relUrl="app-assets/images/carousel/03.jpg" publishTime="11/03/2018 20:54:30" />
    <file relUrl="app-assets/vendors/css/forms/icheck/minimal/orange@2x.png" publishTime="11/03/2018 20:54:32" />
    <file relUrl="app-assets/vendors/css/forms/icheck/square/purple@2x.png" publishTime="11/03/2018 20:54:33" />
    <file relUrl="app-assets/images/portrait/small/avatar-s-13.png" publishTime="11/03/2018 20:54:31" />
    <file relUrl="app-assets/vendors/js/extensions/sweetalert2.all.js" publishTime="11/03/2018 20:54:33" />
    <file relUrl="app-assets/vendors/css/forms/icheck/flat/aero.png" publishTime="11/03/2018 20:54:32" />
    <file relUrl="app-assets/vendors/js/charts/jvector/jquery-jvectormap-2.0.3.min.js" publishTime="11/03/2018 20:54:33" />
    <file relUrl="app-assets/vendors/css/forms/icheck/minimal/orange.png" publishTime="11/03/2018 20:54:32" />
    <file relUrl="app-assets/images/portrait/small/avatar-s-24.png" publishTime="11/03/2018 20:54:31" />
    <file relUrl="app-assets/js/scripts/pages/content-sidebar.min.js" publishTime="11/03/2018 20:54:32" />
    <file relUrl="app-assets/js/scripts/forms/extended/form-inputmask.min.js" publishTime="11/03/2018 20:54:31" />
    <file relUrl="app-assets/vendors/css/forms/icheck/flat/blue@2x.png" publishTime="11/03/2018 20:54:32" />
    <file relUrl="app-assets/vendors/css/forms/icheck/flat/pink@2x.png" publishTime="11/03/2018 20:54:32" />
    <file relUrl="app-assets/js/scripts/charts/chartist/bar/vertical-bar.min.js" publishTime="11/03/2018 20:54:31" />
    <file relUrl="app-assets/images/carousel/07.jpg" publishTime="11/03/2018 20:54:30" />
    <file relUrl="app-assets/js/scripts/extensions/sweet-alerts.min.html" publishTime="11/03/2018 20:54:31" />
    <file relUrl="app-assets/js/scripts/charts/chartjs/pie-doughnut/pie-simple.min.js" publishTime="11/03/2018 20:54:31" />
    <file relUrl="html/login.html" publishTime="11/03/2018 20:54:30" />
    <file relUrl="app-assets/js/scripts/tooltip/tooltip.min.js" publishTime="11/03/2018 20:54:32" />
    <file relUrl="app-assets/js/scripts/charts/jvector/jvector.min.js" publishTime="11/03/2018 20:54:31" />
    <file relUrl="app-assets/images/backgrounds/bg-18.jpg" publishTime="11/03/2018 20:54:30" />
    <file relUrl="app-assets/js/scripts/extensions/fullcalendar.min.js" publishTime="11/03/2018 20:54:31" />
    <file relUrl="app-assets/js/scripts/extensions/rating.min.js" publishTime="11/03/2018 20:54:31" />
    <file relUrl="app-assets/fonts/simple-line-icons/style.min.css" publishTime="11/03/2018 20:54:30" />
    <file relUrl="app-assets/js/scripts/editors/editor-ckeditor.min.js" publishTime="11/03/2018 20:54:31" />
    <file relUrl="app-assets/images/gallery/11.jpg" publishTime="11/03/2018 20:54:31" />
    <file relUrl="html/ManageProfile.html" publishTime="11/04/2018 21:29:23" />
    <file relUrl="app-assets/js/scripts/gallery/photo-swipe/photoswipe-script.min.js" publishTime="11/03/2018 20:54:32" />
    <file relUrl="app-assets/images/portrait/small/avatar-s-3.png" publishTime="11/03/2018 20:54:31" />
    <file relUrl="app-assets/vendors/css/forms/icheck/flat/green@2x.png" publishTime="11/03/2018 20:54:32" />
    <file relUrl="app-assets/images/portfolio/width-1200/portfolio-1.jpg" publishTime="11/03/2018 20:54:31" />
    <file relUrl="app-assets/css/app.min.css" publishTime="11/03/2018 20:54:30" />
    <file relUrl="app-assets/js/scripts/charts/chartjs/polar-radar/radar.min.js" publishTime="11/03/2018 20:54:31" />
    <file relUrl="app-assets/images/carousel/22.jpg" publishTime="11/03/2018 20:54:30" />
    <file relUrl="app-assets/vendors/css/ui/prism.min.css" publishTime="11/03/2018 20:54:33" />
    <file relUrl="app-assets/images/portrait/small/avatar-s-19.jpg" publishTime="11/03/2018 20:54:31" />
    <file relUrl="app-assets/css/bootstrap-extended.min.css" publishTime="11/03/2018 20:54:30" />
    <file relUrl="app-assets/vendors/js/extensions/dropzone.min.js" publishTime="11/03/2018 20:54:33" />
    <file relUrl="app-assets/images/gallery/15.jpg" publishTime="11/03/2018 20:54:31" />
    <file relUrl="app-assets/vendors/css/forms/icheck/flat/orange.png" publishTime="11/03/2018 20:54:32" />
    <file relUrl="app-assets/css/pages/advanced-cards.min.css" publishTime="11/03/2018 20:54:30" />
    <file relUrl="app-assets/vendors/css/forms/icheck/square/purple.png" publishTime="11/03/2018 20:54:33" />
    <file relUrl="app-assets/vendors/css/forms/icheck/futurico/futurico.css" publishTime="11/03/2018 20:54:32" />
    <file relUrl="app-assets/images/gallery/3.jpg" publishTime="11/03/2018 20:54:31" />
    <file relUrl="app-assets/vendors/js/tables/buttons.html5.min.js" publishTime="11/03/2018 20:54:34" />
    <file relUrl="app-assets/vendors/js/charts/jvector/jquery-jvectormap-us-lcc.js" publishTime="11/03/2018 20:54:33" />
    <file relUrl="app-assets/images/logo/logo.png" publishTime="11/03/2018 20:54:31" />
    <file relUrl="app-assets/vendors/js/pickers/pickadate/picker.js" publishTime="11/03/2018 20:54:33" />
    <file relUrl="app-assets/vendors/js/charts/jvector/jquery-jvectormap-world-mill.js" publishTime="11/03/2018 20:54:33" />
    <file relUrl="app-assets/vendors/js/forms/select/select2.full.min.js" publishTime="11/03/2018 20:54:33" />
    <file relUrl="app-assets/vendors/css/forms/icheck/square/aero.png" publishTime="11/03/2018 20:54:33" />
    <file relUrl="app-assets/vendors/css/forms/icheck/line/line@2x.png" publishTime="11/03/2018 20:54:32" />
    <file relUrl="app-assets/vendors/js/gallery/photo-swipe/default-skin/default-skin.css" publishTime="11/03/2018 20:54:33" />
    <file relUrl="app-assets/vendors/css/forms/icheck/square/green.png" publishTime="11/03/2018 20:54:33" />
    <file relUrl="app-assets/js/scripts/charts/chartjs/pie-doughnut/doughnut-simple.min.js" publishTime="11/03/2018 20:54:31" />
    <file relUrl="app-assets/vendors/js/forms/extended/card/jquery.card.js" publishTime="11/03/2018 20:54:33" />
    <file relUrl="app-assets/js/scripts/charts/chartjs/line/line.min.js" publishTime="11/03/2018 20:54:31" />
    <file relUrl="app-assets/js/scripts/modal/components-modal.min.js" publishTime="11/03/2018 20:54:32" />
    <file relUrl="app-assets/images/gallery/7.jpg" publishTime="11/03/2018 20:54:31" />
    <file relUrl="app-assets/images/slider/slider-6.png" publishTime="11/03/2018 20:54:31" />
    <file relUrl="app-assets/vendors/css/forms/icheck/polaris/polaris.png" publishTime="11/03/2018 20:54:33" />
    <file relUrl="assets/css/style.css" publishTime="11/03/2018 20:54:34" />
    <file relUrl="app-assets/vendors/css/extensions/pace.css" publishTime="11/03/2018 20:54:32" />
    <file relUrl="app-assets/vendors/css/forms/icheck/flat/aero@2x.png" publishTime="11/03/2018 20:54:32" />
    <file relUrl="app-assets/js/scripts/charts/chartjs/line/line-area.min.js" publishTime="11/03/2018 20:54:31" />
    <file relUrl="app-assets/images/carousel/10.jpg" publishTime="11/03/2018 20:54:30" />
    <file relUrl="app-assets/vendors/css/tables/extensions/responsive.dataTables.min.css" publishTime="11/03/2018 20:54:33" />
    <file relUrl="app-assets/images/portrait/small/avatar-s-16.png" publishTime="11/03/2018 20:54:31" />
    <file relUrl="app-assets/vendors/css/forms/icheck/line/_all.css" publishTime="11/03/2018 20:54:32" />
    <file relUrl="app-assets/images/carousel/11.jpg" publishTime="11/03/2018 20:54:30" />
    <file relUrl="app-assets/vendors/css/forms/icheck/square/pink@2x.png" publishTime="11/03/2018 20:54:33" />
    <file relUrl="app-assets/vendors/css/editors/tinymce/img/loader.html" publishTime="11/03/2018 20:54:32" />
    <file relUrl="app-assets/js/scripts/extensions/dropzone.min.js" publishTime="11/03/2018 20:54:31" />
    <file relUrl="app-assets/js/scripts/forms/checkbox-radio.min.js" publishTime="11/03/2018 20:54:31" />
    <file relUrl="app-assets/vendors/css/forms/icheck/icheck.css" publishTime="11/03/2018 20:54:32" />
    <file relUrl="app-assets/vendors/css/forms/icheck/minimal/minimal.png" publishTime="11/03/2018 20:54:32" />
    <file relUrl="app-assets/images/portrait/small/avatar-s-14.png" publishTime="11/03/2018 20:54:31" />
    <file relUrl="app-assets/images/portrait/small/avatar-s-17.png" publishTime="11/03/2018 20:54:31" />
    <file relUrl="app-assets/vendors/js/ui/headroom.min.js" publishTime="11/03/2018 20:54:34" />
    <file relUrl="app-assets/images/carousel/14.jpg" publishTime="11/03/2018 20:54:30" />
    <file relUrl="app-assets/vendors/js/tables/buttons.print.min.js" publishTime="11/03/2018 20:54:34" />
    <file relUrl="app-assets/vendors/css/forms/icheck/minimal/green@2x.png" publishTime="11/03/2018 20:54:32" />
    <file relUrl="app-assets/vendors/js/gallery/photo-swipe/default-skin/default-skin.png" publishTime="11/03/2018 20:54:33" />
    <file relUrl="app-assets/images/carousel/15.jpg" publishTime="11/03/2018 20:54:30" />
    <file relUrl="app-assets/vendors/js/gallery/photo-swipe/photoswipe.css" publishTime="11/03/2018 20:54:33" />
    <file relUrl="app-assets/js/scripts/forms/form-login-register.min.js" publishTime="11/03/2018 20:54:31" />
    <file relUrl="app-assets/css/bootstrap.min.css" publishTime="11/03/2018 20:54:30" />
    <file relUrl="app-assets/vendors/css/forms/icheck/flat/yellow@2x.png" publishTime="11/03/2018 20:54:32" />
    <file relUrl="app-assets/vendors/css/forms/icheck/minimal/pink@2x.png" publishTime="11/03/2018 20:54:32" />
    <file relUrl="app-assets/images/backgrounds/01.jpg" publishTime="11/03/2018 20:54:30" />
    <file relUrl="app-assets/vendors/css/forms/icheck/flat/grey.png" publishTime="11/03/2018 20:54:32" />
    <file relUrl="app-assets/js/scripts/charts/chartjs/bar/bar.min.js" publishTime="11/03/2018 20:54:31" />
    <file relUrl="app-assets/js/scripts/extensions/toastr.min.js" publishTime="11/03/2018 20:54:31" />
    <file relUrl="app-assets/images/portrait/small/avatar-s-8.png" publishTime="11/03/2018 20:54:31" />
    <file relUrl="app-assets/js/scripts/charts/chartist/line/area.min.js" publishTime="11/03/2018 20:54:31" />
    <file relUrl="app-assets/vendors/css/charts/chartist.css" publishTime="11/03/2018 20:54:32" />
    <file relUrl="app-assets/js/scripts/pagination/pagination.js" publishTime="11/03/2018 20:54:32" />
    <file relUrl="app-assets/vendors/css/forms/icheck/polaris/polaris.css" publishTime="11/03/2018 20:54:33" />
    <file relUrl="app-assets/css/plugins/forms/validation/form-validation.css" publishTime="11/03/2018 20:54:30" />
    <file relUrl="app-assets/vendors/js/pickers/dateTime/moment-with-locales.min.js" publishTime="11/03/2018 20:54:33" />
    <file relUrl="app-assets/css/plugins/forms/switch.min.css" publishTime="11/03/2018 20:54:30" />
    <file relUrl="app-assets/vendors/js/forms/validation/jquery.validate.min.js" publishTime="11/03/2018 20:54:33" />
    <file relUrl="app-assets/js/scripts/charts/chartist/line/line.min.js" publishTime="11/03/2018 20:54:31" />
    <file relUrl="app-assets/images/portfolio/portfolio-4.jpg" publishTime="11/03/2018 20:54:31" />
    <file relUrl="app-assets/vendors/css/forms/icheck/flat/yellow.png" publishTime="11/03/2018 20:54:32" />
    <file relUrl="app-assets/images/portfolio/portfolio-5.jpg" publishTime="11/03/2018 20:54:31" />
    <file relUrl="app-assets/vendors/js/pickers/pickadate/legacy.js" publishTime="11/03/2018 20:54:33" />
    <file relUrl="app-assets/vendors/css/forms/icheck/square/grey.png" publishTime="11/03/2018 20:54:33" />
    <file relUrl="app-assets/js/scripts/customizer.min.js" publishTime="11/03/2018 20:54:31" />
    <file relUrl="app-assets/vendors/js/forms/tags/form-field.js" publishTime="11/03/2018 20:54:33" />
    <file relUrl="app-assets/vendors/css/forms/icheck/flat/flat.png" publishTime="11/03/2018 20:54:32" />
    <file relUrl="app-assets/vendors/css/charts/chartist-plugin-tooltip.css" publishTime="11/03/2018 20:54:32" />
    <file relUrl="app-assets/css/core/colors/palette-gradient.min.css" publishTime="11/03/2018 20:54:30" />
    <file relUrl="app-assets/js/scripts/forms/switch.min.js" publishTime="11/03/2018 20:54:32" />
    <file relUrl="app-assets/vendors/js/gallery/photo-swipe/default-skin/preloader.gif" publishTime="11/03/2018 20:54:33" />
    <file relUrl="app-assets/images/gallery/8.jpg" publishTime="11/03/2018 20:54:31" />
    <file relUrl="app-assets/vendors/css/forms/icheck/minimal/pink.png" publishTime="11/03/2018 20:54:32" />
    <file relUrl="app-assets/css/core/menu/menu-types/vertical-menu.min.css" publishTime="11/03/2018 20:54:30" />
    <file relUrl="app-assets/css/colors.min.css" publishTime="11/03/2018 20:54:30" />
    <file relUrl="app-assets/vendors/css/forms/icheck/flat/blue.png" publishTime="11/03/2018 20:54:32" />
    <file relUrl="app-assets/vendors/js/forms/extended/maxlength/bootstrap-maxlength.js" publishTime="11/03/2018 20:54:33" />
    <file relUrl="app-assets/images/portfolio/portfolio-1.jpg" publishTime="11/03/2018 20:54:31" />
    <file relUrl="app-assets/js/core/app.min.js" publishTime="11/03/2018 20:54:31" />
    <file relUrl="app-assets/images/carousel/24.jpg" publishTime="11/03/2018 20:54:30" />
    <file relUrl="bin/CRMApplication.dll" publishTime="11/08/2018 18:39:31" />
    <file relUrl="app-assets/vendors/css/forms/icheck/square/yellow.png" publishTime="11/03/2018 20:54:33" />
    <file relUrl="app-assets/vendors/css/forms/icheck/minimal/minimal@2x.png" publishTime="11/03/2018 20:54:32" />
    <file relUrl="app-assets/vendors/js/pickers/pickadate/picker.time.js" publishTime="11/03/2018 20:54:33" />
    <file relUrl="app-assets/images/gallery/10.jpg" publishTime="11/03/2018 20:54:31" />
    <file relUrl="app-assets/vendors/css/timeline/vertical-timeline.css" publishTime="11/03/2018 20:54:33" />
    <file relUrl="app-assets/css/pages/email-application.css" publishTime="11/03/2018 20:54:30" />
    <file relUrl="app-assets/vendors/js/tables/datatable/dataTables.responsive.min.js" publishTime="11/03/2018 20:54:34" />
    <file relUrl="app-assets/vendors/css/forms/icheck/square/grey@2x.png" publishTime="11/03/2018 20:54:33" />
    <file relUrl="app-assets/js/scripts/forms/form-repeater.min.js" publishTime="11/03/2018 20:54:31" />
    <file relUrl="app-assets/vendors/css/forms/icheck/flat/orange@2x.png" publishTime="11/03/2018 20:54:32" />
    <file relUrl="app-assets/vendors/js/forms/toggle/switchery.min.js" publishTime="11/03/2018 20:54:33" />
    <file relUrl="app-assets/vendors/js/tables/jszip.min.js" publishTime="11/03/2018 20:54:34" />
    <file relUrl="app-assets/images/gallery/14.jpg" publishTime="11/03/2018 20:54:31" />
    <file relUrl="app-assets/js/scripts/forms/select/form-select2.min.js" publishTime="11/03/2018 20:54:32" />
    <file relUrl="app-assets/vendors/css/forms/icheck/futurico/futurico.png" publishTime="11/03/2018 20:54:32" />
    <file relUrl="app-assets/css/pages/search.min.css" publishTime="11/03/2018 20:54:30" />
    <file relUrl="app-assets/js/scripts/charts/chartist/pie/pie.min.js" publishTime="11/03/2018 20:54:31" />
    <file relUrl="app-assets/js/scripts/charts/chartist/pie/donut.min.js" publishTime="11/03/2018 20:54:31" />
    <file relUrl="app-assets/images/backgrounds/bg-17.jpg" publishTime="11/03/2018 20:54:30" />
    <file relUrl="app-assets/images/carousel/23.jpg" publishTime="11/03/2018 20:54:30" />
    <file relUrl="app-assets/css/pages/dashboard-ecommerce.min.css" publishTime="11/03/2018 20:54:30" />
    <file relUrl="app-assets/vendors/css/tables/datatable/datatables.min.css" publishTime="11/03/2018 20:54:33" />
    <file relUrl="app-assets/vendors/js/gallery/photo-swipe/photoswipe.min.js" publishTime="11/03/2018 20:54:33" />
    <file relUrl="html/StudentPerformance.html" publishTime="11/04/2018 21:29:23" />
    <file relUrl="app-assets/vendors/css/forms/icheck/futurico/futurico@2x.png" publishTime="11/03/2018 20:54:32" />
    <file relUrl="app-assets/images/portrait/small/avatar-s-15.png" publishTime="11/03/2018 20:54:31" />
    <file relUrl="app-assets/js/scripts/forms/extended/form-maxlength.min.js" publishTime="11/03/2018 20:54:31" />
    <file relUrl="app-assets/vendors/css/forms/icheck/minimal/aero.png" publishTime="11/03/2018 20:54:32" />
    <file relUrl="app-assets/vendors/css/forms/icheck/line/line.png" publishTime="11/03/2018 20:54:32" />
    <file relUrl="app-assets/images/pages/signature-scan.png" publishTime="11/03/2018 20:54:31" />
    <file relUrl="app-assets/vendors/css/forms/icheck/polaris/polaris@2x.png" publishTime="11/03/2018 20:54:33" />
    <file relUrl="app-assets/vendors/js/editors/tinymce/tinymce.js" publishTime="11/03/2018 20:54:33" />
    <file relUrl="app-assets/css/pages/under-maintenance.min.css" publishTime="11/03/2018 20:54:30" />
    <file relUrl="html/index.html" publishTime="11/03/2018 21:07:42" />
    <file relUrl="app-assets/images/gallery/13.jpg" publishTime="11/03/2018 20:54:31" />
    <file relUrl="app-assets/images/gallery/2.jpg" publishTime="11/03/2018 20:54:31" />
    <file relUrl="app-assets/images/portfolio/portfolio-6.jpg" publishTime="11/03/2018 20:54:31" />
    <file relUrl="app-assets/images/backgrounds/04.jpg" publishTime="11/03/2018 20:54:30" />
    <file relUrl="app-assets/data/jvector/gdp-data.js" publishTime="11/03/2018 20:54:30" />
    <file relUrl="app-assets/images/gallery/4.jpg" publishTime="11/03/2018 20:54:31" />
    <file relUrl="app-assets/css/pages/dashboard-analytics.min.css" publishTime="11/03/2018 20:54:30" />
    <file relUrl="app-assets/vendors/js/pagination/jquery.twbsPagination.min.js" publishTime="11/03/2018 20:54:33" />
    <file relUrl="app-assets/js/scripts/forms/wizard-steps.min.js" publishTime="11/03/2018 20:54:32" />
    <file relUrl="app-assets/images/elements/01.png" publishTime="11/03/2018 20:54:30" />
    <file relUrl="app-assets/vendors/js/tables/datatable/dataTables.buttons.min.js" publishTime="11/03/2018 20:54:34" />
    <file relUrl="app-assets/vendors/js/gallery/photo-swipe/photoswipe-ui-default.min.js" publishTime="11/03/2018 20:54:33" />
    <file relUrl="app-assets/vendors/js/jquery.sharrre.js" publishTime="11/03/2018 20:54:33" />
    <file relUrl="app-assets/images/elements/06.png" publishTime="11/03/2018 20:54:30" />
    <file relUrl="app-assets/vendors/js/extensions/hopscotch.min.js" publishTime="11/03/2018 20:54:33" />
    <file relUrl="app-assets/images/portrait/small/avatar-s-18.png" publishTime="11/03/2018 20:54:31" />
    <file relUrl="app-assets/vendors/js/vendors.min.js" publishTime="11/03/2018 20:54:34" />
    <file relUrl="app-assets/js/scripts/extensions/tour.min.js" publishTime="11/03/2018 20:54:31" />
    <file relUrl="app-assets/js/scripts/pickers/dateTime/pick-a-datetime.min.js" publishTime="11/03/2018 20:54:32" />
    <file relUrl="app-assets/images/elements/07.png" publishTime="11/03/2018 20:54:30" />
    <file relUrl="app-assets/vendors/css/calendars/fullcalendar.min.css" publishTime="11/03/2018 20:54:32" />
    <file relUrl="app-assets/js/scripts/pages/timeline.min.js" publishTime="11/03/2018 20:54:32" />
    <file relUrl="app-assets/vendors/js/charts/jvector/jquery-jvectormap-de-merc.js" publishTime="11/03/2018 20:54:33" />
    <file relUrl="app-assets/images/portfolio/portfolio-2.jpg" publishTime="11/03/2018 20:54:31" />
    <file relUrl="app-assets/vendors/css/forms/icheck/flat/red@2x.png" publishTime="11/03/2018 20:54:32" />
    <file relUrl="app-assets/css/vendors.min.css" publishTime="11/03/2018 20:54:30" />
    <file relUrl="app-assets/vendors/css/editors/tinymce/tinymce.min.css" publishTime="11/03/2018 20:54:32" />
    <file relUrl="app-assets/images/portrait/small/avatar-s-1.png" publishTime="11/03/2018 20:54:31" />
    <file relUrl="app-assets/images/portrait/small/avatar-s-21.png" publishTime="11/03/2018 20:54:31" />
    <file relUrl="app-assets/images/portrait/small/avatar-s-2.png" publishTime="11/03/2018 20:54:31" />
    <file relUrl="app-assets/vendors/css/forms/icheck/minimal/red@2x.png" publishTime="11/03/2018 20:54:33" />
    <file relUrl="app-assets/vendors/css/charts/jquery-jvectormap-2.0.3.css" publishTime="11/03/2018 20:54:32" />
    <file relUrl="app-assets/vendors/css/forms/icheck/square/_all.css" publishTime="11/03/2018 20:54:33" />
    <file relUrl="app-assets/js/scripts/forms/validation/form-validation.js" publishTime="11/03/2018 20:54:32" />
    <file relUrl="app-assets/vendors/css/forms/icheck/square/green@2x.png" publishTime="11/03/2018 20:54:33" />
    <file relUrl="app-assets/vendors/css/pickers/pickadate/default.time.css" publishTime="11/03/2018 20:54:33" />
    <file relUrl="app-assets/js/scripts/forms/tags/tagging.min.js" publishTime="11/03/2018 20:54:32" />
    <file relUrl="app-assets/vendors/js/charts/chartist-plugin-tooltip.min.js" publishTime="11/03/2018 20:54:33" />
    <file relUrl="app-assets/vendors/js/extensions/toastr.min.js" publishTime="11/03/2018 20:54:33" />
    <file relUrl="app-assets/css/plugins/forms/checkboxes-radios.min.css" publishTime="11/03/2018 20:54:30" />
    <file relUrl="app-assets/fonts/feather/style.min.css" publishTime="11/03/2018 20:54:30" />
    <file relUrl="app-assets/vendors/js/timeline/horizontal-timeline.js" publishTime="11/03/2018 20:54:34" />
    <file relUrl="app-assets/css/core/colors/palette-tooltip.min.css" publishTime="11/03/2018 20:54:30" />
    <file relUrl="html/MyCourseInterview.html" publishTime="11/08/2018 18:35:39" />
    <file relUrl="app-assets/js/scripts/tables/datatables/datatable-basic.min.js" publishTime="11/03/2018 20:54:32" />
    <file relUrl="app-assets/js/scripts/pages/email-application.js" publishTime="11/03/2018 20:54:32" />
    <file relUrl="app-assets/images/ico/apple-icon-120.png" publishTime="11/03/2018 20:54:31" />
    <file relUrl="app-assets/images/backgrounds/05.jpg" publishTime="11/03/2018 20:54:30" />
    <file relUrl="app-assets/vendors/css/file-uploaders/dropzone.min.css" publishTime="11/03/2018 20:54:32" />
    <file relUrl="app-assets/images/gallery/12.jpg" publishTime="11/03/2018 20:54:31" />
    <file relUrl="app-assets/vendors/css/forms/icheck/flat/grey@2x.png" publishTime="11/03/2018 20:54:32" />
    <file relUrl="app-assets/vendors/css/forms/icheck/flat/pink.png" publishTime="11/03/2018 20:54:32" />
    <file relUrl="app-assets/js/scripts/charts/chartjs/bar/column-stacked.min.js" publishTime="11/03/2018 20:54:31" />
    <file relUrl="app-assets/css/pages/gallery.min.css" publishTime="11/03/2018 20:54:30" />
    <file relUrl="app-assets/images/carousel/06.jpg" publishTime="11/03/2018 20:54:30" />
    <file relUrl="Web.config" publishTime="11/08/2018 18:39:32" />
    <file relUrl="app-assets/images/datatables/resources/details_close.png" publishTime="11/03/2018 20:54:30" />
    <file relUrl="app-assets/js/core/app-menu.min.js" publishTime="11/03/2018 20:54:31" />
    <file relUrl="app-assets/images/logo/logo-80x80.png" publishTime="11/03/2018 20:54:31" />
    <file relUrl="app-assets/vendors/css/forms/icheck/minimal/green.png" publishTime="11/03/2018 20:54:32" />
    <file relUrl="app-assets/images/gallery/9.jpg" publishTime="11/03/2018 20:54:31" />
    <file relUrl="app-assets/vendors/css/forms/icheck/square/blue.png" publishTime="11/03/2018 20:54:33" />
    <file relUrl="app-assets/css/pages/project.min.css" publishTime="11/03/2018 20:54:30" />
    <file relUrl="app-assets/js/scripts/ui/compact-menu.min.js" publishTime="11/03/2018 20:54:32" />
    <file relUrl="app-assets/vendors/css/forms/icheck/minimal/red.png" publishTime="11/03/2018 20:54:33" />
    <file relUrl="app-assets/vendors/css/extensions/toastr.css" publishTime="11/03/2018 20:54:32" />
    <file relUrl="app-assets/vendors/css/pickers/pickadate/default.css" publishTime="11/03/2018 20:54:33" />
    <file relUrl="app-assets/images/carousel/04.jpg" publishTime="11/03/2018 20:54:30" />
    <file relUrl="app-assets/vendors/css/extensions/raty/jquery.raty.css" publishTime="11/03/2018 20:54:32" />
    <file relUrl="app-assets/js/scripts/ui/compact-menu.js" publishTime="11/03/2018 20:54:32" />
    <file relUrl="app-assets/js/scripts/charts/chartjs/bar/column.js" publishTime="11/03/2018 20:54:31" />
    <file relUrl="app-assets/css/pages/chat-application.css" publishTime="11/03/2018 20:54:30" />
    <file relUrl="app-assets/css/pages/coming-soon.css" publishTime="11/03/2018 20:54:30" />
    <file relUrl="html/Changepassword.html" publishTime="11/08/2018 18:37:33" />
    <file relUrl="app-assets/images/portfolio/width-600/portfolio-14.jpg" publishTime="11/03/2018 20:54:31" />
    <file relUrl="app-assets/vendors/css/forms/selects/select2.min.css" publishTime="11/03/2018 20:54:33" />
    <file relUrl="app-assets/vendors/css/forms/icheck/minimal/purple@2x.png" publishTime="11/03/2018 20:54:32" />
    <file relUrl="app-assets/images/gallery/6.jpg" publishTime="11/03/2018 20:54:31" />
  </publishProfile>
</publishData>